{"cameraMode":{"drawMode":0,"name":"Shaded","section":"Shading Mode"},"sceneLighting":false,"audioPlay":false,"sceneViewState":{"m_AlwaysRefresh":false,"showFog":true,"showSkybox":false,"showFlares":true,"showImageEffects":true,"showParticleSystems":true,"showVisualEffectGraphs":true,"m_FxEnabled":true},"in2DMode":false,"pivot":{"x":-0.6033505201339722,"y":1.2633416652679444,"z":0.7120795249938965},"rotation":{"x":0.10885369777679444,"y":0.08785523474216461,"z":-0.009658782742917538,"w":0.9901214241981506},"size":1.040785789489746,"orthographic":false}