{"cameraMode":{"drawMode":0,"name":"Shaded","section":"Shading Mode"},"sceneLighting":false,"audioPlay":false,"sceneViewState":{"m_AlwaysRefresh":false,"showFog":true,"showSkybox":false,"showFlares":true,"showImageEffects":true,"showParticleSystems":true,"showVisualEffectGraphs":true,"m_FxEnabled":true},"in2DMode":false,"pivot":{"x":-0.2190667986869812,"y":1.2089784145355225,"z":1.2475450038909913},"rotation":{"x":0.25968876481056216,"y":0.06945683062076569,"z":-0.01873006857931614,"w":0.9630118608474731},"size":1.1173882484436036,"orthographic":false}