{"cameraMode":{"drawMode":0,"name":"Shaded","section":"Shading Mode"},"sceneLighting":true,"audioPlay":false,"sceneViewState":{"m_AlwaysRefresh":false,"showFog":true,"showSkybox":true,"showFlares":true,"showImageEffects":true,"showParticleSystems":true,"showVisualEffectGraphs":true,"m_FxEnabled":true},"in2DMode":false,"pivot":{"x":1.676285743713379,"y":0.6497899293899536,"z":3.8814382553100588},"rotation":{"x":0.11441875249147415,"y":0.29197317361831667,"z":-0.03520570695400238,"w":0.9489080309867859},"size":3.4308276176452638,"orthographic":false}