{"cameraMode":{"drawMode":0,"name":"Shaded","section":"Shading Mode"},"sceneLighting":false,"audioPlay":false,"sceneViewState":{"m_AlwaysRefresh":false,"showFog":true,"showSkybox":false,"showFlares":true,"showImageEffects":true,"showParticleSystems":true,"showVisualEffectGraphs":true,"m_FxEnabled":true},"in2DMode":false,"pivot":{"x":-0.3437569737434387,"y":1.2250175476074219,"z":0.600007951259613},"rotation":{"x":0.0968095064163208,"y":0.10430945456027985,"z":-0.01020252238959074,"w":0.989769697189331},"size":0.44198137521743777,"orthographic":false}