{"cameraMode":{"drawMode":0,"name":"Shaded","section":"Shading Mode"},"sceneLighting":false,"audioPlay":false,"sceneViewState":{"m_AlwaysRefresh":false,"showFog":true,"showSkybox":false,"showFlares":true,"showImageEffects":true,"showParticleSystems":true,"showVisualEffectGraphs":true,"m_FxEnabled":true},"in2DMode":false,"pivot":{"x":0.0035696178674697878,"y":1.0919713973999024,"z":0.8070622086524963},"rotation":{"x":0.0968095064163208,"y":0.10430945456027985,"z":-0.01020252238959074,"w":0.989769697189331},"size":0.7407854795455933,"orthographic":false}