{"cameraMode":{"drawMode":0,"name":"Shaded","section":"Shading Mode"},"sceneLighting":false,"audioPlay":false,"sceneViewState":{"m_AlwaysRefresh":false,"showFog":true,"showSkybox":false,"showFlares":true,"showImageEffects":true,"showParticleSystems":true,"showVisualEffectGraphs":true,"m_FxEnabled":true},"in2DMode":false,"pivot":{"x":-0.24680231511592866,"y":1.045607328414917,"z":0.8451371788978577},"rotation":{"x":0.21359549462795258,"y":0.08049160242080689,"z":-0.017661744728684427,"w":0.9734411239624023},"size":0.7309085726737976,"orthographic":false}