{"cameraMode":{"drawMode":0,"name":"Shaded","section":"Shading Mode"},"sceneLighting":false,"audioPlay":false,"sceneViewState":{"m_AlwaysRefresh":false,"showFog":true,"showSkybox":false,"showFlares":true,"showImageEffects":true,"showParticleSystems":true,"showVisualEffectGraphs":true,"m_FxEnabled":true},"in2DMode":false,"pivot":{"x":-7.843250274658203,"y":25.964414596557618,"z":-43.639808654785159},"rotation":{"x":0.24846228957176209,"y":0.0812513455748558,"z":-0.020920095965266229,"w":0.9650018215179443},"size":0.8709214925765991,"orthographic":true}